{"cameraMode":{"drawMode":0,"name":"Shaded","section":"Shading Mode"},"sceneLighting":false,"audioPlay":false,"sceneViewState":{"showFog":true,"showMaterialUpdate":false,"showSkybox":true,"showFlares":true,"showImageEffects":true,"showParticleSystems":true},"in2DMode":false,"pivot":{"x":26.38756561279297,"y":25.702823638916017,"z":-78.60330200195313},"rotation":{"x":0.13221199810504914,"y":-0.005947859492152929,"z":0.0008043801644816995,"w":0.991202712059021},"size":20.030475616455079,"orthographic":false}