{"cameraMode":{"drawMode":0,"name":"Shaded","section":"Shading Mode"},"sceneLighting":false,"audioPlay":false,"sceneViewState":{"showFog":true,"showMaterialUpdate":false,"showSkybox":true,"showFlares":true,"showImageEffects":true,"showParticleSystems":true},"in2DMode":false,"pivot":{"x":1.6989564895629883,"y":13.17862319946289,"z":2.871159553527832},"rotation":{"x":0.13221199810504914,"y":-0.005947859492152929,"z":0.0008043801644816995,"w":0.991202712059021},"size":59.7020263671875,"orthographic":false}