{"cameraMode":{"drawMode":0,"name":"Shaded","section":"Shading Mode"},"sceneLighting":false,"audioPlay":false,"sceneViewState":{"showFog":true,"showMaterialUpdate":false,"showSkybox":true,"showFlares":true,"showImageEffects":true,"showParticleSystems":true},"in2DMode":false,"pivot":{"x":29.199127197265626,"y":8.045920372009278,"z":941.7960205078125},"rotation":{"x":-0.2408742606639862,"y":0.018048159778118135,"z":-0.004479876719415188,"w":-0.9703769087791443},"size":11.492252349853516,"orthographic":false}