{"cameraMode":{"drawMode":0,"name":"Shaded","section":"Shading Mode"},"sceneLighting":true,"audioPlay":false,"sceneViewState":{"showFog":true,"showMaterialUpdate":false,"showSkybox":true,"showFlares":true,"showImageEffects":true,"showParticleSystems":true},"in2DMode":false,"pivot":{"x":9.173229217529297,"y":3.525937557220459,"z":46.03491973876953},"rotation":{"x":-0.1446712762117386,"y":-0.5345385074615479,"z":0.09346554428339005,"w":-0.8273888826370239},"size":14.288398742675782,"orthographic":false}