{"cameraMode":{"drawMode":0,"name":"Shaded","section":"Shading Mode"},"sceneLighting":false,"audioPlay":false,"sceneViewState":{"showFog":true,"showMaterialUpdate":false,"showSkybox":true,"showFlares":true,"showImageEffects":true,"showParticleSystems":true},"in2DMode":false,"pivot":{"x":53.388099670410159,"y":-0.9544328451156616,"z":7.6505513191223148},"rotation":{"x":0.5695021748542786,"y":0.0369635745882988,"z":-0.025634704157710077,"w":0.8207558393478394},"size":13.773233413696289,"orthographic":false}