{"cameraMode":{"drawMode":0,"name":"Shaded","section":"Shading Mode"},"sceneLighting":false,"audioPlay":false,"sceneViewState":{"showFog":true,"showMaterialUpdate":false,"showSkybox":true,"showFlares":true,"showImageEffects":true,"showParticleSystems":true},"in2DMode":false,"pivot":{"x":34.10924530029297,"y":8.771136283874512,"z":942.1431884765625},"rotation":{"x":-0.2408742606639862,"y":0.018048159778118135,"z":-0.004479876719415188,"w":-0.9703769087791443},"size":9.064776420593262,"orthographic":false}