{"cameraMode":{"drawMode":0,"name":"Shaded","section":"Shading Mode"},"sceneLighting":false,"audioPlay":false,"sceneViewState":{"showFog":true,"showMaterialUpdate":false,"showSkybox":true,"showFlares":true,"showImageEffects":true,"showParticleSystems":true},"in2DMode":false,"pivot":{"x":35.0477294921875,"y":2.075000047683716,"z":4.080592155456543},"rotation":{"x":0.13221199810504914,"y":-0.005947859492152929,"z":0.0008043801644816995,"w":0.991202712059021},"size":14.851433753967286,"orthographic":false}