{"cameraMode":{"drawMode":0,"name":"Shaded","section":"Shading Mode"},"sceneLighting":true,"audioPlay":false,"sceneViewState":{"showFog":true,"showMaterialUpdate":false,"showSkybox":true,"showFlares":true,"showImageEffects":true,"showParticleSystems":true},"in2DMode":false,"pivot":{"x":15.451713562011719,"y":16.94393539428711,"z":-3.7573108673095705},"rotation":{"x":-0.10987667739391327,"y":0.005370424594730139,"z":-0.0005864769918844104,"w":-0.9939086437225342},"size":22.0,"orthographic":false}