{"cameraMode":{"drawMode":0,"name":"Shaded","section":"Shading Mode"},"sceneLighting":false,"audioPlay":false,"sceneViewState":{"showFog":true,"showMaterialUpdate":false,"showSkybox":true,"showFlares":true,"showImageEffects":true,"showParticleSystems":true},"in2DMode":false,"pivot":{"x":23.224641799926759,"y":1.8274999856948853,"z":2.7607421875},"rotation":{"x":0.13221199810504914,"y":-0.005947859492152929,"z":0.0008043801644816995,"w":0.991202712059021},"size":13.797320365905762,"orthographic":false}