{"cameraMode":{"drawMode":0,"name":"Shaded","section":"Shading Mode"},"sceneLighting":false,"audioPlay":false,"sceneViewState":{"showFog":true,"showMaterialUpdate":false,"showSkybox":true,"showFlares":true,"showImageEffects":true,"showParticleSystems":true},"in2DMode":false,"pivot":{"x":22.276466369628908,"y":8.245770454406739,"z":0.7069869637489319},"rotation":{"x":0.6484450697898865,"y":-0.009128887206315995,"z":0.007791347336024046,"w":0.7611648440361023},"size":13.797320365905762,"orthographic":false}