{"cameraMode":{"drawMode":0,"name":"Shaded","section":"Shading Mode"},"sceneLighting":true,"audioPlay":false,"sceneViewState":{"showFog":true,"showMaterialUpdate":false,"showSkybox":true,"showFlares":true,"showImageEffects":true,"showParticleSystems":true},"in2DMode":false,"pivot":{"x":-193.23965454101563,"y":-351.32147216796877,"z":791.9269409179688},"rotation":{"x":-0.1961844265460968,"y":0.15749484300613404,"z":-0.03193902596831322,"w":-0.9672932028770447},"size":1096.9810791015625,"orthographic":false}