{"cameraMode":{"drawMode":0,"name":"Shaded","section":"Shading Mode"},"sceneLighting":false,"audioPlay":false,"sceneViewState":{"showFog":true,"showMaterialUpdate":false,"showSkybox":true,"showFlares":true,"showImageEffects":true,"showParticleSystems":true},"in2DMode":false,"pivot":{"x":-0.26674747467041018,"y":12.978205680847168,"z":2.122295379638672},"rotation":{"x":-0.1446712762117386,"y":-0.5345385074615479,"z":0.09346554428339005,"w":-0.8273888826370239},"size":68.85113525390625,"orthographic":false}