{"cameraMode":{"drawMode":0,"name":"Shaded","section":"Shading Mode"},"sceneLighting":false,"audioPlay":false,"sceneViewState":{"showFog":true,"showMaterialUpdate":false,"showSkybox":true,"showFlares":true,"showImageEffects":true,"showParticleSystems":true},"in2DMode":false,"pivot":{"x":26.17013168334961,"y":10.016489028930664,"z":13.050108909606934},"rotation":{"x":-0.10705715417861939,"y":-0.22378312051296235,"z":0.02474048361182213,"w":-0.9684089422225952},"size":68.85113525390625,"orthographic":false}