{"cameraMode":{"drawMode":0,"name":"Shaded","section":"Shading Mode"},"sceneLighting":false,"audioPlay":false,"sceneViewState":{"showFog":true,"showMaterialUpdate":false,"showSkybox":true,"showFlares":true,"showImageEffects":true,"showParticleSystems":true},"in2DMode":false,"pivot":{"x":54.35472106933594,"y":2.0466837882995607,"z":8.607505798339844},"rotation":{"x":0.48869365453720095,"y":0.005238249897956848,"z":-0.0029216378461569549,"w":0.8724331259727478},"size":13.773233413696289,"orthographic":false}