{"cameraMode":{"drawMode":0,"name":"Shaded","section":"Shading Mode"},"sceneLighting":false,"audioPlay":false,"sceneViewState":{"showFog":true,"showMaterialUpdate":false,"showSkybox":true,"showFlares":true,"showImageEffects":true,"showParticleSystems":true},"in2DMode":false,"pivot":{"x":15.193872451782227,"y":6.848938941955566,"z":40.18095397949219},"rotation":{"x":0.22142156958580018,"y":-0.2073201686143875,"z":0.04824846610426903,"w":0.9516641497612},"size":26.11044692993164,"orthographic":false}