{"cameraMode":{"drawMode":0,"name":"Shaded","section":"Shading Mode"},"sceneLighting":false,"audioPlay":false,"sceneViewState":{"showFog":true,"showMaterialUpdate":false,"showSkybox":true,"showFlares":true,"showImageEffects":true,"showParticleSystems":true},"in2DMode":false,"pivot":{"x":35.402034759521487,"y":-0.21921199560165406,"z":4.454102516174316},"rotation":{"x":0.6565806865692139,"y":0.12150517851114273,"z":-0.10830800235271454,"w":0.7364813685417175},"size":14.851433753967286,"orthographic":false}