{"cameraMode":{"drawMode":0,"name":"Shaded","section":"Shading Mode"},"sceneLighting":false,"audioPlay":false,"sceneViewState":{"showFog":true,"showMaterialUpdate":false,"showSkybox":true,"showFlares":true,"showImageEffects":true,"showParticleSystems":true},"in2DMode":false,"pivot":{"x":-0.11766338348388672,"y":16.07351303100586,"z":3.332517147064209},"rotation":{"x":0.13221199810504914,"y":-0.005947859492152929,"z":0.0008043801644816995,"w":0.991202712059021},"size":71.87310791015625,"orthographic":false}