{"cameraMode":{"drawMode":0,"name":"Shaded","section":"Shading Mode"},"sceneLighting":true,"audioPlay":false,"sceneViewState":{"showFog":true,"showMaterialUpdate":false,"showSkybox":true,"showFlares":true,"showImageEffects":true,"showParticleSystems":true},"in2DMode":false,"pivot":{"x":23.316848754882814,"y":-6.550588130950928,"z":43.60542678833008},"rotation":{"x":-0.16346216201782227,"y":-0.6954843997955322,"z":0.16732245683670045,"w":-0.6794000267982483},"size":64.55101776123047,"orthographic":false}