{"cameraMode":{"drawMode":0,"name":"Shaded","section":"Shading Mode"},"sceneLighting":true,"audioPlay":false,"sceneViewState":{"showFog":true,"showMaterialUpdate":false,"showSkybox":true,"showFlares":true,"showImageEffects":true,"showParticleSystems":true},"in2DMode":false,"pivot":{"x":5.938703536987305,"y":26.021697998046876,"z":492.9698486328125},"rotation":{"x":-0.3646849989891052,"y":-0.4246234893798828,"z":0.20139454305171967,"w":-0.8038318753242493},"size":22.0,"orthographic":false}