{"cameraMode":{"drawMode":0,"name":"Shaded","section":"Shading Mode"},"sceneLighting":false,"audioPlay":false,"sceneViewState":{"showFog":true,"showMaterialUpdate":false,"showSkybox":true,"showFlares":true,"showImageEffects":true,"showParticleSystems":true},"in2DMode":false,"pivot":{"x":35.3060188293457,"y":7.511670112609863,"z":3.764003038406372},"rotation":{"x":0.6949545741081238,"y":0.01617966964840889,"z":-0.01562977395951748,"w":0.7186985611915588},"size":14.851433753967286,"orthographic":false}