{"cameraMode":{"drawMode":0,"name":"Shaded","section":"Shading Mode"},"sceneLighting":false,"audioPlay":false,"sceneViewState":{"showFog":true,"showMaterialUpdate":false,"showSkybox":true,"showFlares":true,"showImageEffects":true,"showParticleSystems":true},"in2DMode":false,"pivot":{"x":45.675628662109378,"y":2.2417478561401369,"z":27.103132247924806},"rotation":{"x":0.5312123894691467,"y":0.012711902149021626,"z":-0.007958625443279744,"w":0.847103476524353},"size":13.35365104675293,"orthographic":false}