{"cameraMode":{"drawMode":0,"name":"Shaded","section":"Shading Mode"},"sceneLighting":false,"audioPlay":false,"sceneViewState":{"showFog":true,"showMaterialUpdate":false,"showSkybox":true,"showFlares":true,"showImageEffects":true,"showParticleSystems":true},"in2DMode":false,"pivot":{"x":10.0,"y":3.0124564170837404,"z":18.212827682495118},"rotation":{"x":-0.20052394270896913,"y":0.6771469116210938,"z":-0.19994327425956727,"w":-0.6791719794273377},"size":28.472726821899415,"orthographic":false}