{"cameraMode":{"drawMode":0,"name":"Shaded","section":"Shading Mode"},"sceneLighting":false,"audioPlay":false,"sceneViewState":{"showFog":true,"showMaterialUpdate":false,"showSkybox":true,"showFlares":true,"showImageEffects":true,"showParticleSystems":true},"in2DMode":false,"pivot":{"x":47.57925796508789,"y":-2.380805730819702,"z":28.249704360961915},"rotation":{"x":0.5461903214454651,"y":0.025126082822680475,"z":-0.016379348933696748,"w":0.837123453617096},"size":13.35365104675293,"orthographic":false}