{"cameraMode":{"drawMode":0,"name":"Shaded","section":"Shading Mode"},"sceneLighting":false,"audioPlay":false,"sceneViewState":{"showFog":true,"showMaterialUpdate":false,"showSkybox":true,"showFlares":true,"showImageEffects":true,"showParticleSystems":true},"in2DMode":false,"pivot":{"x":959.4864501953125,"y":919.967041015625,"z":-220.2880401611328},"rotation":{"x":-0.1465395838022232,"y":0.3567467927932739,"z":-0.05677857622504234,"w":-0.9208749532699585},"size":8.541489601135254,"orthographic":false}