{"cameraMode":{"drawMode":0,"name":"Shaded","section":"Shading Mode"},"sceneLighting":false,"audioPlay":false,"sceneViewState":{"showFog":true,"showMaterialUpdate":false,"showSkybox":true,"showFlares":true,"showImageEffects":true,"showParticleSystems":true},"in2DMode":false,"pivot":{"x":15.794633865356446,"y":-0.5317431688308716,"z":1195.3531494140625},"rotation":{"x":-0.32784146070480349,"y":0.6221991181373596,"z":-0.3218006193637848,"w":-0.6338816285133362},"size":2.040618658065796,"orthographic":true}