{"cameraMode":{"drawMode":0,"name":"Shaded","section":"Shading Mode"},"sceneLighting":false,"audioPlay":false,"sceneViewState":{"showFog":true,"showMaterialUpdate":false,"showSkybox":true,"showFlares":true,"showImageEffects":true,"showParticleSystems":true},"in2DMode":false,"pivot":{"x":3.5762786865234377e-7,"y":1.7498703002929688,"z":-26.617345809936525},"rotation":{"x":-0.23232528567314149,"y":-0.6678281426429749,"z":0.23236289620399476,"w":-0.667831540107727},"size":26.11043930053711,"orthographic":false}