{"cameraMode":{"drawMode":0,"name":"Shaded","section":"Shading Mode"},"sceneLighting":false,"audioPlay":false,"sceneViewState":{"showFog":true,"showMaterialUpdate":false,"showSkybox":true,"showFlares":true,"showImageEffects":true,"showParticleSystems":true},"in2DMode":false,"pivot":{"x":11.416130065917969,"y":5.510249614715576,"z":14.80672550201416},"rotation":{"x":-0.1636679768562317,"y":0.6857325434684753,"z":-0.1625957489013672,"w":-0.6902763843536377},"size":26.09069061279297,"orthographic":false}