{"cameraMode":{"drawMode":0,"name":"Shaded","section":"Shading Mode"},"sceneLighting":false,"audioPlay":false,"sceneViewState":{"showFog":true,"showMaterialUpdate":false,"showSkybox":true,"showFlares":true,"showImageEffects":true,"showParticleSystems":true},"in2DMode":false,"pivot":{"x":-3.4201464653015138,"y":4.396222114562988,"z":9.718213081359864},"rotation":{"x":-0.10984295606613159,"y":-0.6933847665786743,"z":0.10820990055799484,"w":-0.7038577198982239},"size":7.984820365905762,"orthographic":false}