{"cameraMode":{"drawMode":0,"name":"Shaded","section":"Shading Mode"},"sceneLighting":false,"audioPlay":false,"sceneViewState":{"showFog":true,"showMaterialUpdate":false,"showSkybox":true,"showFlares":true,"showImageEffects":true,"showParticleSystems":true},"in2DMode":false,"pivot":{"x":11.424999237060547,"y":7.470091819763184,"z":19.57734489440918},"rotation":{"x":-0.1704181730747223,"y":-0.02453736588358879,"z":0.004229466896504164,"w":-0.9850367307662964},"size":26.11043930053711,"orthographic":false}