{"cameraMode":{"drawMode":0,"name":"Shaded","section":"Shading Mode"},"sceneLighting":true,"audioPlay":false,"sceneViewState":{"showFog":true,"showMaterialUpdate":true,"showSkybox":true,"showFlares":true,"showImageEffects":true,"showParticleSystems":true},"in2DMode":false,"pivot":{"x":-40.86085510253906,"y":-92.84446716308594,"z":125.25455474853516},"rotation":{"x":-0.29756486415863039,"y":0.15434609353542329,"z":-0.048813771456480029,"w":-0.9408764243125916},"size":647.961669921875,"orthographic":false}