{"cameraMode":{"drawMode":0,"name":"Shaded","section":"Shading Mode"},"sceneLighting":false,"audioPlay":false,"sceneViewState":{"showFog":true,"showMaterialUpdate":false,"showSkybox":true,"showFlares":true,"showImageEffects":true,"showParticleSystems":true},"in2DMode":false,"pivot":{"x":613.7023315429688,"y":-186.10870361328126,"z":314.57403564453127},"rotation":{"x":-0.10984295606613159,"y":-0.6933847665786743,"z":0.10820990055799484,"w":-0.7038577198982239},"size":696.3822021484375,"orthographic":false}