{"cameraMode":{"drawMode":0,"name":"Shaded","section":"Shading Mode"},"sceneLighting":false,"audioPlay":false,"sceneViewState":{"showFog":true,"showMaterialUpdate":false,"showSkybox":true,"showFlares":true,"showImageEffects":true,"showParticleSystems":true},"in2DMode":false,"pivot":{"x":923.7849731445313,"y":947.2042236328125,"z":-1.541447401046753},"rotation":{"x":-0.1465395838022232,"y":0.3567467927932739,"z":-0.05677857622504234,"w":-0.9208749532699585},"size":14.282645225524903,"orthographic":false}