{"cameraMode":{"drawMode":0,"name":"Shaded","section":"Shading Mode"},"sceneLighting":false,"audioPlay":false,"sceneViewState":{"showFog":true,"showMaterialUpdate":false,"showSkybox":true,"showFlares":true,"showImageEffects":true,"showParticleSystems":true},"in2DMode":false,"pivot":{"x":-27.632835388183595,"y":30.792438507080079,"z":-6.3451433181762699},"rotation":{"x":-0.398272305727005,"y":0.025301137939095498,"z":-0.011010756716132164,"w":-0.9168201684951782},"size":3.039166212081909,"orthographic":false}