{"cameraMode":{"drawMode":0,"name":"Shaded","section":"Shading Mode"},"sceneLighting":false,"audioPlay":false,"sceneViewState":{"showFog":true,"showMaterialUpdate":false,"showSkybox":true,"showFlares":true,"showImageEffects":true,"showParticleSystems":true},"in2DMode":false,"pivot":{"x":8.948036193847657,"y":5.321521759033203,"z":-8.61246109008789},"rotation":{"x":-0.12690678238868714,"y":-0.33594194054603579,"z":0.045735783874988559,"w":-0.9321589469909668},"size":22.0,"orthographic":false}