{"cameraMode":{"drawMode":0,"name":"Shaded","section":"Shading Mode"},"sceneLighting":false,"audioPlay":false,"sceneViewState":{"showFog":true,"showMaterialUpdate":false,"showSkybox":true,"showFlares":true,"showImageEffects":true,"showParticleSystems":true},"in2DMode":false,"pivot":{"x":17.81668472290039,"y":-0.7307822704315186,"z":1194.6435546875},"rotation":{"x":-0.32784146070480349,"y":0.6221991181373596,"z":-0.3218006193637848,"w":-0.6338816285133362},"size":1.4421063661575318,"orthographic":true}