{"cameraMode":{"drawMode":0,"name":"Shaded","section":"Shading Mode"},"sceneLighting":false,"audioPlay":false,"sceneViewState":{"showFog":true,"showMaterialUpdate":false,"showSkybox":true,"showFlares":true,"showImageEffects":true,"showParticleSystems":true},"in2DMode":false,"pivot":{"x":3.5762786865234377e-7,"y":1.7498703002929688,"z":-26.617345809936525},"rotation":{"x":-0.12690678238868714,"y":-0.33594194054603579,"z":0.045735783874988559,"w":-0.9321589469909668},"size":26.11043930053711,"orthographic":false}