{"cameraMode":{"drawMode":0,"name":"Shaded","section":"Shading Mode"},"sceneLighting":false,"audioPlay":false,"sceneViewState":{"showFog":true,"showMaterialUpdate":false,"showSkybox":true,"showFlares":true,"showImageEffects":true,"showParticleSystems":true},"in2DMode":false,"pivot":{"x":29.423755645751954,"y":24.892824172973634,"z":-76.05377197265625},"rotation":{"x":-0.23548315465450288,"y":-0.3214699625968933,"z":0.08287602663040161,"w":-0.9134207963943481},"size":6.676825523376465,"orthographic":false}