{"cameraMode":{"drawMode":0,"name":"Shaded","section":"Shading Mode"},"sceneLighting":false,"audioPlay":false,"sceneViewState":{"showFog":true,"showMaterialUpdate":false,"showSkybox":true,"showFlares":true,"showImageEffects":true,"showParticleSystems":true},"in2DMode":false,"pivot":{"x":140.03610229492188,"y":45.22511291503906,"z":378.0987243652344},"rotation":{"x":-0.17729386687278748,"y":0.6525644659996033,"z":-0.16094772517681123,"w":-0.7188586592674255},"size":12.050963401794434,"orthographic":false}