{"cameraMode":{"drawMode":0,"name":"Shaded","section":"Shading Mode"},"sceneLighting":true,"audioPlay":false,"sceneViewState":{"showFog":true,"showMaterialUpdate":false,"showSkybox":true,"showFlares":true,"showImageEffects":true,"showParticleSystems":true},"in2DMode":false,"pivot":{"x":20.747488021850587,"y":0.013560601510107518,"z":47.370689392089847},"rotation":{"x":-0.22484992444515229,"y":0.012272398918867112,"z":-0.002842514542862773,"w":-0.9742967486381531},"size":103.9911117553711,"orthographic":false}