{"cameraMode":{"drawMode":0,"name":"Shaded","section":"Shading Mode"},"sceneLighting":false,"audioPlay":false,"sceneViewState":{"showFog":true,"showMaterialUpdate":false,"showSkybox":true,"showFlares":true,"showImageEffects":true,"showParticleSystems":true},"in2DMode":false,"pivot":{"x":15.193872451782227,"y":6.848938941955566,"z":13.43392562866211},"rotation":{"x":-0.17729386687278748,"y":0.6525644659996033,"z":-0.16094772517681123,"w":-0.7188586592674255},"size":26.09069061279297,"orthographic":false}