{"cameraMode":{"drawMode":0,"name":"Shaded","section":"Shading Mode"},"sceneLighting":true,"audioPlay":false,"sceneViewState":{"showFog":true,"showMaterialUpdate":false,"showSkybox":true,"showFlares":true,"showImageEffects":true,"showParticleSystems":true},"in2DMode":false,"pivot":{"x":-45.97854995727539,"y":40.44301223754883,"z":-40.36012268066406},"rotation":{"x":-0.3171405494213104,"y":-0.022195950150489808,"z":0.00740843778476119,"w":-0.9480685591697693},"size":8.6671142578125,"orthographic":false}