{"cameraMode":{"drawMode":0,"name":"Shaded","section":"Shading Mode"},"sceneLighting":false,"audioPlay":false,"sceneViewState":{"showFog":true,"showMaterialUpdate":false,"showSkybox":true,"showFlares":true,"showImageEffects":true,"showParticleSystems":true},"in2DMode":false,"pivot":{"x":18.48468780517578,"y":9.894415855407715,"z":16.043262481689454},"rotation":{"x":-0.21228469908237458,"y":0.0883922278881073,"z":-0.019292719662189485,"w":-0.972996175289154},"size":104.84478759765625,"orthographic":false}