{"cameraMode":{"drawMode":0,"name":"Shaded","section":"Shading Mode"},"sceneLighting":true,"audioPlay":false,"sceneViewState":{"showFog":true,"showMaterialUpdate":false,"showSkybox":true,"showFlares":true,"showImageEffects":true,"showParticleSystems":true},"in2DMode":false,"pivot":{"x":0.28195321559906008,"y":3.227581024169922,"z":6.933155059814453},"rotation":{"x":-0.2916145324707031,"y":-0.0910780280828476,"z":0.027901509776711465,"w":-0.9517667293548584},"size":30.422311782836915,"orthographic":false}