{"cameraMode":{"drawMode":0,"name":"Shaded","section":"Shading Mode"},"sceneLighting":false,"audioPlay":false,"sceneViewState":{"showFog":true,"showMaterialUpdate":false,"showSkybox":true,"showFlares":true,"showImageEffects":true,"showParticleSystems":true},"in2DMode":false,"pivot":{"x":10.0,"y":2.7498703002929689,"z":-2.709686040878296},"rotation":{"x":-0.17559391260147096,"y":0.19987963140010835,"z":-0.0364358015358448,"w":-0.9632697701454163},"size":58.08360290527344,"orthographic":false}