{"cameraMode":{"drawMode":0,"name":"Shaded","section":"Shading Mode"},"sceneLighting":true,"audioPlay":false,"sceneViewState":{"showFog":true,"showMaterialUpdate":true,"showSkybox":true,"showFlares":true,"showImageEffects":true,"showParticleSystems":true},"in2DMode":false,"pivot":{"x":36.900001525878909,"y":87.80000305175781,"z":-22.1299991607666},"rotation":{"x":-0.275578111410141,"y":-0.026815788820385934,"z":0.007682771887630224,"w":-0.9608453512191773},"size":29.938961029052736,"orthographic":false}