{"cameraMode":{"drawMode":0,"name":"Shaded","section":"Shading Mode"},"sceneLighting":false,"audioPlay":false,"sceneViewState":{"showFog":true,"showMaterialUpdate":false,"showSkybox":true,"showFlares":true,"showImageEffects":true,"showParticleSystems":true},"in2DMode":false,"pivot":{"x":865.1585083007813,"y":983.3024291992188,"z":-451.844482421875},"rotation":{"x":-0.32784146070480349,"y":0.6221991181373596,"z":-0.3218006193637848,"w":-0.6338816285133362},"size":10.203493118286133,"orthographic":true}