{"cameraMode":{"drawMode":0,"name":"Shaded","section":"Shading Mode"},"sceneLighting":false,"audioPlay":false,"sceneViewState":{"showFog":true,"showMaterialUpdate":false,"showSkybox":true,"showFlares":true,"showImageEffects":true,"showParticleSystems":true},"in2DMode":false,"pivot":{"x":12.202073097229004,"y":-0.6152635812759399,"z":1195.9566650390625},"rotation":{"x":-0.12690678238868714,"y":-0.33594194054603579,"z":0.045735783874988559,"w":-0.9321589469909668},"size":5.232339382171631,"orthographic":false}